<?xml version="1.0" encoding="UTF-8"?>
<!--SCORM 1.2 Content Package document generated by HotPotatoes: Masher Version 6.2 Release 5 Build 5.-->

<manifest xmlns="http://www.imsproject.org/xsd/imscp_rootv1p1p2" xmlns:imsmd="http://www.imsglobal.org/xsd/imsmd_rootv1p2p1" xmlns:xsi="http://www.w3.org/2001/XMLSchema-instance" xmlns:adlcp="http://www.adlnet.org/xsd/adlcp_rootv1p2" identifier="MANIFEST-BD543552-AED1-4837-BEBB-BC75A23CE079" xsi:schemaLocation="http://www.imsproject.org/xsd/imscp_rootv1p1p2 imscp_rootv1p1p2.xsd http://www.imsglobal.org/xsd/imsmd_rootv1p2p1 imsmd_rootv1p2p1.xsd http://www.adlnet.org/xsd/adlcp_rootv1p2 adlcp_rootv1p2.xsd">
  <metadata>
    <schema>ADL SCORM</schema>
    <schemaversion>1.2</schemaversion>
    <imsmd:lom>
      <imsmd:general>
        <imsmd:identifier />
        <imsmd:title>
          <imsmd:langstring xml:lang="en">2-1-1 Quick Facts</imsmd:langstring>
        </imsmd:title>
        <imsmd:language>eng-CA</imsmd:language>
        <imsmd:description>
          <imsmd:langstring xml:lang="en">Students read a simple table and an information sheet to obtain factual information relating to 2-1-1 community access service, and then they answer comprehension questions and complete a vocabulary exercise.</imsmd:langstring>
        </imsmd:description>
        <imsmd:keyword>
          <imsmd:langstring xml:lang="en">ESL</imsmd:langstring>
        </imsmd:keyword>
		 <imsmd:keyword>
          <imsmd:langstring xml:lang="en">LINC</imsmd:langstring>
        </imsmd:keyword>
        <imsmd:keyword>
          <imsmd:langstring xml:lang="en">LINC4</imsmd:langstring>
        </imsmd:keyword>
        <imsmd:keyword>
          <imsmd:langstring xml:lang="en">Community and Government Services</imsmd:langstring>
        </imsmd:keyword>
        <imsmd:keyword>
          <imsmd:langstring xml:lang="en">reading</imsmd:langstring>
        </imsmd:keyword>
        <imsmd:keyword>
          <imsmd:langstring xml:lang="en">CLB4</imsmd:langstring>
        </imsmd:keyword>
        <imsmd:keyword>
          <imsmd:langstring xml:lang="en">table</imsmd:langstring>
        </imsmd:keyword>
        <imsmd:keyword>
          <imsmd:langstring xml:lang="en">information sheet</imsmd:langstring>
        </imsmd:keyword>
        <imsmd:keyword>
          <imsmd:langstring xml:lang="en">fact sheet</imsmd:langstring>
        </imsmd:keyword>
        <imsmd:keyword>
          <imsmd:langstring xml:lang="en">2-1-1</imsmd:langstring>
        </imsmd:keyword>
        <imsmd:keyword>
          <imsmd:langstring xml:lang="en">211</imsmd:langstring>
        </imsmd:keyword>
        <imsmd:keyword>
          <imsmd:langstring xml:lang="en">telephone</imsmd:langstring>
        </imsmd:keyword>
        <imsmd:keyword>
          <imsmd:langstring xml:lang="en">municipal services</imsmd:langstring>
        </imsmd:keyword>
        <imsmd:keyword>
          <imsmd:langstring xml:lang="en">municipal</imsmd:langstring>
        </imsmd:keyword>
        <imsmd:keyword>
          <imsmd:langstring xml:lang="en">government</imsmd:langstring>
        </imsmd:keyword>
        <imsmd:keyword>
          <imsmd:langstring xml:lang="en">community</imsmd:langstring>
        </imsmd:keyword>
        <imsmd:keyword>
          <imsmd:langstring xml:lang="en">scanning</imsmd:langstring>
        </imsmd:keyword>
        <imsmd:coverage>
          <imsmd:langstring xml:lang="en">Ontario Canada</imsmd:langstring>
        </imsmd:coverage>
        <imsmd:structure>
          <imsmd:source>
            <imsmd:langstring xml:lang="en">LOMv1.0</imsmd:langstring>
          </imsmd:source>
          <imsmd:value>
            <imsmd:langstring xml:lang="en">Linear</imsmd:langstring>
          </imsmd:value>
        </imsmd:structure>
        <imsmd:aggregationlevel>
          <imsmd:source>
            <imsmd:langstring xml:lang="en">LOMv1.0</imsmd:langstring>
          </imsmd:source>
          <imsmd:value>
            <imsmd:langstring xml:lang="en">3</imsmd:langstring>
          </imsmd:value>
        </imsmd:aggregationlevel>
      </imsmd:general>
      <imsmd:lifecycle>
        <imsmd:version>
          <imsmd:langstring xml:lang="en">1.0</imsmd:langstring>
        </imsmd:version>
        <imsmd:status>
          <imsmd:source>
            <imsmd:langstring xml:lang="en">LOMv1.0</imsmd:langstring>
          </imsmd:source>
          <imsmd:value>
            <imsmd:langstring xml:lang="en">Final</imsmd:langstring>
          </imsmd:value>
        </imsmd:status>
        <imsmd:contribute>
          <imsmd:role>
            <imsmd:source>
              <imsmd:langstring xml:lang="en">LOMv1.0</imsmd:langstring>
            </imsmd:source>
            <imsmd:value>
              <imsmd:langstring xml:lang="en">Initiator</imsmd:langstring>
            </imsmd:value>
          </imsmd:role>
          <imsmd:centity>
            <imsmd:vcard>Citizenship and Immigration Canada</imsmd:vcard>
          </imsmd:centity>
          <imsmd:date>
            <imsmd:datetime>2009</imsmd:datetime>
          </imsmd:date>
        </imsmd:contribute>
        <imsmd:contribute>
          <imsmd:role>
            <imsmd:source>
              <imsmd:langstring xml:lang="en">LOMv1.0</imsmd:langstring>
            </imsmd:source>
            <imsmd:value>
              <imsmd:langstring xml:lang="en">Publisher</imsmd:langstring>
            </imsmd:value>
          </imsmd:role>
          <imsmd:centity>
            <imsmd:vcard>Algonquin College Language Institute</imsmd:vcard>
          </imsmd:centity>
        </imsmd:contribute>
      </imsmd:lifecycle>
      <imsmd:metametadata>
        <imsmd:contribute>
          <imsmd:role>
            <imsmd:source>
              <imsmd:langstring xml:lang="en">LOMv1.0</imsmd:langstring>
            </imsmd:source>
            <imsmd:value>
              <imsmd:langstring xml:lang="en">Creator</imsmd:langstring>
            </imsmd:value>
          </imsmd:role>
          <imsmd:centity>
            <imsmd:vcard>Algonquin College Language Institute</imsmd:vcard>
          </imsmd:centity>
          <imsmd:date>
            <imsmd:datetime>2009</imsmd:datetime>
          </imsmd:date>
        </imsmd:contribute>
        <imsmd:metadatascheme>CanCorev.2.0</imsmd:metadatascheme>
        <imsmd:language>eng-CA</imsmd:language>
      </imsmd:metametadata>
      <imsmd:technical>
        <imsmd:format>text/html</imsmd:format>
        <imsmd:format>application/pdf</imsmd:format>
        <imsmd:format>image/gif</imsmd:format>
        <imsmd:size>314574</imsmd:size>
        <imsmd:requirement>
          <imsmd:type>
            <imsmd:source>
              <imsmd:langstring xml:lang="en">LOMv1.0</imsmd:langstring>
            </imsmd:source>
            <imsmd:value>
              <imsmd:langstring xml:lang="en">Browser</imsmd:langstring>
            </imsmd:value>
          </imsmd:type>
          <imsmd:name>
            <imsmd:source>
              <imsmd:langstring xml:lang="en">LOMv1.0</imsmd:langstring>
            </imsmd:source>
            <imsmd:value>
              <imsmd:langstring xml:lang="en">Mozilla Firefox</imsmd:langstring>
            </imsmd:value>
          </imsmd:name>
        </imsmd:requirement>        <imsmd:otherplatformrequirements>
          <imsmd:langstring xml:lang="en">Javascript</imsmd:langstring>
        </imsmd:otherplatformrequirements>
        <imsmd:otherplatformrequirements>
          <imsmd:langstring xml:lang="en">Acrobat Reader (instructor)</imsmd:langstring>
        </imsmd:otherplatformrequirements>
        <imsmd:otherplatformrequirements>
          <imsmd:langstring xml:lang="en">broadband recommended</imsmd:langstring>
        </imsmd:otherplatformrequirements>
      </imsmd:technical>
      <imsmd:educational>
        <imsmd:interactivitytype>
          <imsmd:source>
            <imsmd:langstring xml:lang="en">LOMv1.0</imsmd:langstring>
          </imsmd:source>
          <imsmd:value>
            <imsmd:langstring xml:lang="en">Active</imsmd:langstring>
          </imsmd:value>
        </imsmd:interactivitytype>
        <imsmd:learningresourcetype>
          <imsmd:source>
            <imsmd:langstring xml:lang="en">LOMv1.0</imsmd:langstring>
          </imsmd:source>
          <imsmd:value>
            <imsmd:langstring xml:lang="en">Exercise</imsmd:langstring>
          </imsmd:value>
        </imsmd:learningresourcetype>
        <imsmd:interactivitylevel>
          <imsmd:source>
            <imsmd:langstring xml:lang="en">LOMv1.0</imsmd:langstring>
          </imsmd:source>
          <imsmd:value>
            <imsmd:langstring xml:lang="en">medium</imsmd:langstring>
          </imsmd:value>
        </imsmd:interactivitylevel>
        <imsmd:semanticdensity>
          <imsmd:source>
            <imsmd:langstring xml:lang="en">LOMv1.0</imsmd:langstring>
          </imsmd:source>
          <imsmd:value>
            <imsmd:langstring xml:lang="en">medium</imsmd:langstring>
          </imsmd:value>
        </imsmd:semanticdensity>
        <imsmd:intendedenduserrole>
          <imsmd:source>
            <imsmd:langstring xml:lang="en">LOMv1.0</imsmd:langstring>
          </imsmd:source>
          <imsmd:value>
            <imsmd:langstring xml:lang="en">Learner</imsmd:langstring>
          </imsmd:value>
        </imsmd:intendedenduserrole>
        <imsmd:context>
          <imsmd:source>
            <imsmd:langstring xml:lang="en">LOMv1.0</imsmd:langstring>
          </imsmd:source>
          <imsmd:value>
            <imsmd:langstring xml:lang="en">Language Instruction for Newcomers to Canada</imsmd:langstring>
          </imsmd:value>
        </imsmd:context>
        <imsmd:typicalagerange>
          <imsmd:langstring xml:lang="en">Adult</imsmd:langstring>
        </imsmd:typicalagerange>
        <imsmd:difficulty>
          <imsmd:source>
            <imsmd:langstring xml:lang="en">LOMv1.0</imsmd:langstring>
          </imsmd:source>
          <imsmd:value>
            <imsmd:langstring xml:lang="en">medium</imsmd:langstring>
          </imsmd:value>
        </imsmd:difficulty>
        <imsmd:description>
          <imsmd:langstring xml:lang="en">This resource complements or is a digital version of an activity by the same (or similar) name in the "LINC 4 Classroom Activities" book published by Algonquin College for Citizenship and Immigration Canada in 2009.</imsmd:langstring>
        </imsmd:description>
        <imsmd:language>en-CA (Canadian English)</imsmd:language>
      </imsmd:educational>
      <imsmd:rights>
        <imsmd:cost>
          <imsmd:source>
            <imsmd:langstring xml:lang="en">LOMv1.0</imsmd:langstring>
          </imsmd:source>
          <imsmd:value>
            <imsmd:langstring xml:lang="en">no</imsmd:langstring>
          </imsmd:value>
        </imsmd:cost>
        <imsmd:copyrightandotherrestrictions>
          <imsmd:source>
            <imsmd:langstring xml:lang="en">LOMv1.0</imsmd:langstring>
          </imsmd:source>
          <imsmd:value>
            <imsmd:langstring xml:lang="en">yes</imsmd:langstring>
          </imsmd:value>
        </imsmd:copyrightandotherrestrictions>
        <imsmd:description>
          <imsmd:langstring xml:lang="en">© Algonquin College, 2009. All rights reserved.</imsmd:langstring>
        </imsmd:description>
      </imsmd:rights>
      <imsmd:relation>
        <imsmd:kind>
          <imsmd:source>
            <imsmd:langstring xml:lang="en">LOMv1.0</imsmd:langstring>
          </imsmd:source>
          <imsmd:value>
            <imsmd:langstring xml:lang="en" />
          </imsmd:value>
        </imsmd:kind>
      </imsmd:relation>
    </imsmd:lom>
  </metadata>
  <organizations default="ORG-6ABFDA26-7747-49B2-B7A2-2688145B3E59">
    <organization identifier="ORG-6ABFDA26-7747-49B2-B7A2-2688145B3E59" structure="hierarchical">
      <title>Organization</title>
      <item identifier="ITEM-8FFEFFA2-935F-4847-9D13-4DB33ADBF73E" identifierref="RES-AE5F62C6-5427-4C16-92F2-CFC9DBBB0582" isvisible="true">
        <title>Index</title>
      </item>
      <item identifier="ITEM-7BF7645E-025A-4BD0-B81E-3A36FAF03F5C" identifierref="RES-10AADA0F-B25C-4E1A-89D6-34611D7B4E26" isvisible="true">
        <title>Quiz</title>
      </item>
     </organization>
  </organizations>
  <resources>
    <resource identifier="RES-AE5F62C6-5427-4C16-92F2-CFC9DBBB0582" type="webcontent" adlcp:scormtype="asset" href="index.html">
      <file href="index.html" />
    </resource>
    <resource identifier="RES-10AADA0F-B25C-4E1A-89D6-34611D7B4E26" type="webcontent" adlcp:scormtype="sco"  href="actual_quiz.html">
      <file href="actual_quiz.html" />
<adlcp:datafromlms>
hello world
</adlcp:datafromlms>

    </resource>

  </resources>
</manifest>

